Filename,HTID,Author,Title,Year
uc1_b3327310.json,uc1.b3327310,"Von Arnim, Elizabeth",Elizabeth And Her German Garden,1898
hvd_32044086841368.json,hvd.32044086841368,"Voynich, Ethel Lilian",Olive Latham,1904
hvd_32044086863024.json,hvd.32044086863024,"Keary, Charles Francis",Rigel: A Mystery,1903
osu_32435000222471.json,osu.32435000222471,"Wodehouse, P.G",A Damsel In Distress,1919
dul1_ark+=13960=t4mk7258x.json,dul1.ark:/13960/t4mk7258x,"Scott, Sarah","A Description Of Millenium Hall, And The Country Adjacent",1762
nyp_33433074939806.json,nyp.33433074939806,"Binns, Otwell",A Mating In The Wild,1920
uiuo_ark+=13960=t79s21p31.json,uiuo.ark:/13960/t79s21p31,"Buxton, Bertha Henry And W.W. Fenn",A Noble Name,1883
nyp_33433074934708.json,nyp.33433074934708,"Cameron, Mrs. Lovett",A Passing Fancy,1899
uc2_ark+=13960=t2x34p29s.json,uc2.ark:/13960/t2x34p29s,"Ashton, Helen",A Person Of Quality,1913
uiuo_ark+=13960=t8pc3kb71.json,uiuo.ark:/13960/t8pc3kb71,"Oliphant, Margaret",A Rose In June,1874
nyp_33433074955091.json,nyp.33433074955091,"Radcliffe, Ann",A Sicilian Romance 2 Vols,1792
uiug_30112002744511.json,uiug.30112002744511,"Orczy, Emma",A Son Of The People,1906
aeu_ark+=13960=t9c54x15z.json,aeu.ark:/13960/t9c54x15z,"Marsh, Richard",A Spoiler Of Men,1910
coo_31924064989720.json,coo.31924064989720,"Yates, Edmund",A Waiting Race,1872
nyp_33433074920442.json,nyp.33433074920442,"Newte, Horace","A Young Lady, A Study In Selectness",1913
njp_32101004412126.json,njp.32101004412126,"Lamb, Lady Caroline",Ada Reis,1823
hvd_hn1lgp.json,hvd.hn1lgp,"Hyne, C.J. Cutcliffe",Adventures Of Captain Cuttle,1901
uc1_b4091415.json,uc1.b4091415,Mcfee,Aliens,1914
uc2_ark+=13960=t6pz5538g.json,uc2.ark:/13960/t6pz5538g,"Cobbold, Elizabeth",An Ode On The Victory Of Waterloo,1815
inu_30000115350112.json,inu.30000115350112,"Holcroft, Thomas",Anna St. Ives,1792
uc2_ark+=13960=t2c829d5s.json,uc2.ark:/13960/t2c829d5s,"Morier, James Justinian",Ayesha The Maid Of Kars,1834
uc2_ark+=13960=t0ms3k92g.json,uc2.ark:/13960/t0ms3k92g,"Frankau, Julia",Baccarat,1904
osu_32435001931377.json,osu.32435001931377,"Orczy, Emma",Beau Brocade,1907
pst_000006716912.json,pst.000006716912,"Sturgis, Howard",Belchamber,1904
uva_x000539566.json,uva.x000539566,"Chamier, Frederick",Ben Brace,1836
uva_x000440380.json,uva.x000440380,"D?Rcy, Ella",Bishop? Dilemma,1989
uc2_ark+=13960=t75t3jk6t.json,uc2.ark:/13960/t75t3jk6t,"Fothergill, Jessie",Borderland,1890
uc2_ark+=13960=t3513vh35.json,uc2.ark:/13960/t3513vh35,"Griffith, George",Briton Or Boer? A Tale Of The Fight For Africa,1897
njp_32101066458959.json,njp.32101066458959,"Gibbon, Charles",By Mead And Stream,1884
nyp_33433074875612.json,nyp.33433074875612,"Mcfee, William",Captain Macedoine'S Daughter,1920
coo_31924013574938.json,coo.31924013574938,"Yates, Edmund",Castaway,1872
njp_32101067644748.json,njp.32101067644748,"Fogerty, Joseph",Caterina,1877
hvd_hwkagf.json,hvd.hwkagf,"Hawker, Mary Elizabeth (Also Used Name Lanoe Falconer)",Cecilia De No?L,1891
uc1_31175035210809.json,uc1.31175035210809,"Rowson, Susanna",Charlotte: A Tale Of Truth,1790
osu_32435001024223.json,osu.32435001024223,"Balfour, Frederic Henry",Cherryfield Hall,1895
wu_89106279433.json,wu.89106279433,"Reach, Angus","Clement Lorimer, Or, The Book With The Iron Clasps",1850
uc2_ark+=13960=t6c250f7n.json,uc2.ark:/13960/t6c250f7n,"Rover, George (Actually Hakewill, Maria C)",Coelebs Suited,1809
uc1_31175035539041.json,uc1.31175035539041,"Ferrier, Susan Edmonstone",Destiny,1831
uc2_ark+=13960=t80k2h33m.json,uc2.ark:/13960/t80k2h33m,"Cholmondeley, Mary",Devotee: An Episode In The Life Of A Butterfly,1897
uiuo_ark+=13960=t8z89hz13.json,uiuo.ark:/13960/t8z89hz13,"Cholmondeley, Mary",Diana Tempest,1893
pst_000002272559.json,pst.000002272559,"Brunton, Mary",Discipline,1815
uiuo_ark+=13960=t2x35gn6v.json,uiuo.ark:/13960/t2x35gn6v,"Davenport, Selina","Donald Monteith, The Handsomest Man Of The Age: A Novel",1815
uiuo_ark+=13960=t0000px9h.json,uiuo.ark:/13960/t0000px9h,"Fitzclarence, Wilhelmina",Dorinda,1889
uc2_ark+=13960=t3fx75q1k.json,uc2.ark:/13960/t3fx75q1k,"Lee, Charles James",Dorinda'S Birthday,1900
hvd_hxg8ux.json,hvd.hxg8ux,"Smith, Charlotte Turner",Elegiac Sonnets,1786
nyp_33433074911516.json,nyp.33433074911516,"Smith, Charlotte Turner",Emmeline,1788
njp_32101007065806.json,njp.32101007065806,"Brunton, Mary",Emmeline With Some Other Pieces,1819
njp_32101067634244.json,njp.32101067634244,"Hannay, James",Eustace Conyers,1855
mdp_39015065553391.json,mdp.39015065553391,"Hall-Stevenson, John","Fables For Grown Gentlemen, And Crazy Tales",1762
nyp_33433075751366.json,nyp.33433075751366,"Stacpoole, Henry De Vere",Fanny Lambert,1910
uc2_ark+=13960=t8rb6zj66.json,uc2.ark:/13960/t8rb6zj66,"Austin, Alfred",Flodden Field: A Tragedy,1903
pst_000005402502.json,pst.000005402502,"Dowie, Ménie Muriel",Gallia,1895
uc2_ark+=13960=t3st7g63m.json,uc2.ark:/13960/t3st7g63m,"Stacpoole, Henry De Vere",Garryowen,1909
njp_32101066477686.json,njp.32101066477686,"Balfour, Frederic Henry (Writing As Ross George Dering )",Giraldi,1889
uc1_31175035579302.json,uc1.31175035579302,"Lamb, Lady Caroline",Glenarvon,1816
uiuo_ark+=13960=t3xs66s3f.json,uiuo.ark:/13960/t3xs66s3f,"Hood, Tom",Golden Heart,1867
uc2_ark+=13960=t1qf91q47.json,uc2.ark:/13960/t1qf91q47,"Lamb, Lady Caroline",Graham Hamilton,1822
umn_31951002030701d.json,umn.31951002030701d,"Jones, Hannah Maria",Gretna Green,1823
uc2_ark+=13960=t4pk09q41.json,uc2.ark:/13960/t4pk09q41,"Worboise Or Guyton, Emma Jane",Grey And Gold,1870
uc1_$b284218.json,uc1.$b284218,"Hay, Ian (Beith, John Hay)",Happy-Go-Lucky,1913
nyp_33433074871447.json,nyp.33433074871447,"Keary, Charles Francis",Herbert Vanlennart,1895
hvd_hn1uc3.json,hvd.hn1uc3,"Pedler, Margaret",Hermit Of Far End,1920
hvd_hn1ke1.json,hvd.hn1ke1,"Mundy, Talbot",Hira Singh,1918
nyp_33433074913645.json,nyp.33433074913645,"Haywood, Eliza",History Of Miss Betsy Thoughtless,1751
uc2_ark+=13960=t4th8dt5p.json,uc2.ark:/13960/t4th8dt5p,"Pedler, Margaret",House Of Dreams-Come-True,1919
hvd_hn2isi.json,hvd.hn2isi,"Cameron, Mrs. Lovett",In A Grass County,1886
aeu_ark+=13960=t6vx1p54b.json,aeu.ark:/13960/t6vx1p54b,"Corelli, Marie",Innocent: Her Fancy And His Fact,1914
inu_30000115425625.json,inu.30000115425625,"Keir, Susanna (""By A Lady"")",Interesting Memoirs,1785
mdp_39015063754017.json,mdp.39015063754017,"Austin, Alfred",Interludes,1872
wu_89005052147.json,wu.89005052147,"Horniman, Roy","Israel Rank, The Autobiography Of A Criminal",1907
njp_32101067633139.json,njp.32101067633139,"Dillwyn, Elizabeth Amy",Jill,1884
uc2_ark+=13960=t33205c07.json,uc2.ark:/13960/t33205c07,Robert Smith Surtees,Jorrocks' Jaunts And Jollities,1838
njp_32101068168101.json,njp.32101068168101,"Crommelin, May",Joy,1884
uiuo_ark+=13960=t3xs6334q.json,uiuo.ark:/13960/t3xs6334q,"Fogerty, Joseph",Lauterdale,1873
uc2_ark+=13960=t9d50qq95.json,uc2.ark:/13960/t9d50qq95,"Borrow, George",Lavengro,1851
mdp_39015026741432.json,mdp.39015026741432,"Chamier, Frederick",Life Of A Sailor,1839
uc2_ark+=13960=t05x27t8x.json,uc2.ark:/13960/t05x27t8x,"Brooke, Emma",Life The Accuser,1896
nyp_33433074855069.json,nyp.33433074855069,"Gallichan, Walter Matthew",Like Stars That Fall,1895
yale_39002013716791.json,yale.39002013716791,"Cournos, John",London Under The Bolsheviks,1919
mdp_39015019374530.json,mdp.39015019374530,"Conrad, Joseph",Lord Jim,1903
osu_32435005038302.json,osu.32435005038302,"Dowie, M?Nie Muriel",Love And His Mask,1901
nc01_ark+=13960=t9p27q803.json,nc01.ark:/13960/t9p27q803,"Leverson, Ada Esther",Love'S Shadow,1908
hvd_32044086828183.json,hvd.32044086828183,"Hawker, Mary Elizabeth (Also Used Name Lanoe Falconer)",Mademoiselle Ixe,1891
wu_89099763369.json,wu.89099763369,"Jay, Harriett",Madge Dunraven,1879
uc1_a0001319441.json,uc1.a0001319441,"Ferrier, Susan Edmonstone",Marriage,1819
njp_32101036894374.json,njp.32101036894374,"Wollstonecraft, Mary",Mary & The Wrongs Of Woman,1798
uc1_31175035538936.json,uc1.31175035538936,"Sheridan, Frances",Memoirs Of Miss Sidney Bidulph,1761
uiuo_ark+=13960=t07w6q90x.json,uiuo.ark:/13960/t07w6q90x,"Crommelin, May",Miss Daisy Dimity,1881
mdp_49015001001198.json,mdp.49015001001198,"Sabatini, Rafael",Mistress Wilding: A Romance,1910
mdp_39015023133641.json,mdp.39015023133641,"D?Rcy, Ella",Monochromes,1895
uiuo_ark+=13960=t9377xs17.json,uiuo.ark:/13960/t9377xs17,"Jay, Harriett",My Connaught Cousins,1883
pst_000006659011.json,pst.000006659011,"Buxton, Bertha Henry",Nell?N And Off The Stage,1880
uiug_30112046416043.json,uiug.30112046416043,"Worboise Or Guyton, Emma Jane",Nobly Born,1871
uiuo_ark+=13960=t6n01hs64.json,uiuo.ark:/13960/t6n01hs64,"Gibbon, Charles",Of High Degree,1883
nyp_33433074943535.json,nyp.33433074943535,"Aumonier, Stacy",One After Another,1920
njp_32101031804766.json,njp.32101031804766,"Carswell, Catherine",Open The Door!,1920
wu_89099777666.json,wu.89099777666,"Crommelin, May",Orange Lily,1879
uiuo_ark+=13960=t3417g24g.json,uiuo.ark:/13960/t3417g24g,"Fothergill, Jessie",Oriole'S Daughter,1893
uc1_$b245266.json,uc1.$b245266,"Lee, Charles James",Our Little Town,1911
njp_32101068170867.json,njp.32101068170867,"Howard, Edward",Outward Bound Or A Merchant'S Adventures,1838
nyp_33433074878467.json,nyp.33433074878467,"Lee, Charles James",Paul Carah Cornishman,1899
coo_31924065001954.json,coo.31924065001954,"Walford, Lucy Bethia",Pauline,1877
mdp_39015035876260.json,mdp.39015035876260,"Frankau, Julia-- Under Danby, Frank",Pigs In Clover,1903
hvd_hxkcgw.json,hvd.hxkcgw,"Williams, Helen Maria",Poems,1788
njp_32101037020839.json,njp.32101037020839,"Owen, Wilfred",Poems,1920
uc2_ark+=13960=t8rb78c05.json,uc2.ark:/13960/t8rb78c05,"Buchan, John",Prester John,1910
umn_319510021169139.json,umn.319510021169139,"Cameron, Mrs. Lovett",Pure Gold,1887
njp_32101068170859.json,njp.32101068170859,"Howard, Edward",Rattlin The Reefer,1836
uiuo_ark+=13960=t6k07g132.json,uiuo.ark:/13960/t6k07g132,"Gibbon, Charles",Robin Grey,1869
nyp_33433074910880.json,nyp.33433074910880,"Mundy, Talbot",Rung Ho!,1914
uiuo_ark+=13960=t04x5sk0c.json,uiuo.ark:/13960/t04x5sk0c,"Glascock, William Nugent","Sailors And Saints, Or Matrimonial Man?Vres",1829
mdp_39015012266212.json,mdp.39015012266212,"Buchan, John",Salute To Adventures,1915
nyp_33433076035462.json,nyp.33433076035462,"Rowson, Susanna","Sarah, Or The Exemplary Wife",1813
uc2_ark+=13960=t9k35q21j.json,uc2.ark:/13960/t9k35q21j,"Hinton, Charles Howard",Scientific Romances,1886
nyp_33433075751481.json,nyp.33433075751481,"Stacpoole, Henry De Vere",Sea Plunder,1917
dul1_ark+=13960=t76t1nr0z.json,dul1.ark:/13960/t76t1nr0z,"Brunton, Mary",Self-Control,1811
umn_31951002065829g.json,umn.31951002065829g,"Gilbert, William",Shirley Hall Asylum: Or The Memoirs Of A Monomaniac,1863
uiuo_ark+=13960=t54f2662s.json,uiuo.ark:/13960/t54f2662s,"Hannay, James",Singleton Fontenoy,1850
njp_32101063580557.json,njp.32101063580557,"Howard, Edward","Sir Henry Morgan, The Buccaneer",1842
mdp_39015008425301.json,mdp.39015008425301,"Cross, Victoria (Annie Sophie Cory)",Six Chapters Of A Man'S Life,1903
osu_32435015981004.json,osu.32435015981004,"Newte, Horace",Sparrows,1909
uiuo_ark+=13960=t3rv14r6v.json,uiuo.ark:/13960/t3rv14r6v,"Oliphant, Margaret",Squire Arden,1871
uiuo_ark+=13960=t2h712x92.json,uiuo.ark:/13960/t2h712x92,"Walford, Lucy Bethia",Stiff Necked Generation,1889
uc2_ark+=13960=t4kk96c4s.json,uc2.ark:/13960/t4kk96c4s,"Brooke, Emma",Superfluous Woman,1894
hvd_hwjvzj.json,hvd.hwjvzj,"Helen, Maria Edgeworth",Tales And Novels,1832
uc2_ark+=13960=t1hh6fb4z.json,uc2.ark:/13960/t1hh6fb4z,"Hogg, James",Tales And Sketches Of The Ettrick Shepherd,1837
uiug_30112049093989.json,uiug.30112049093989,"Leverson, Ada Esther",Tenterhooks,1912
uc2_ark+=13960=t87h1gt46.json,uc2.ark:/13960/t87h1gt46,"Morier, James Justinian",The Adventures Of Hajji Baba Of Ispahan,1824
uc1_b2835184.json,uc1.b2835184,"Morier, James Justinian",The Adventures Of Hajji Baba Of Ispahan In England,1828
umn_31951002101118q.json,umn.31951002101118q,"Holcroft, Thomas",The Adventures Of Hugh Trevor,1801
dul1_ark+=13960=t4xh08t10.json,dul1.ark:/13960/t4xh08t10,"Griffith, George",The Angel Of The Revolution: A Tale Of The Coming Terror,1897
uc2_ark+=13960=t70v8d88s.json,uc2.ark:/13960/t70v8d88s,G. S. Street,The Autobiography Of A Boy,1894
mdp_39015063938834.json,mdp.39015063938834,"Locke, William J",The Belovéd Vagabond,1911
mdp_39015063953163.json,mdp.39015063953163,"Von Arnim, Elizabeth",The Benefactress,1902
wu_89089021737.json,wu.89089021737,"Borrow, George Henry",The Bible In Spain,1843
uiug_30112045859391.json,uiug.30112045859391,"Goldring, Douglas",The Black Curtain,1920
uc2_ark+=13960=t1mg7hd35.json,uc2.ark:/13960/t1mg7hd35,"Carswell, Catherine",The Camomile,1922
hvd_hn1efy.json,hvd.hn1efy,"Dowie, M?Nie Muriel",The Crook Of The Bough,1898
uc1_31175035193542.json,uc1.31175035193542,"Collier, Jane",The Cry: A New Dramatic Fable ,1754
mdp_39015063935137.json,mdp.39015063935137,"Marsh, Richard",The Deacon'S Daughter,1919
njp_32101063605701.json,njp.32101063605701,"Vivanti, Annie",The Devourers,1910
nyp_33433074930391.json,nyp.33433074930391,"Brooke, Emma",The Engrafted Rose ,1900
osu_32435011346137.json,osu.32435011346137,"Balfour, Frederic Henry",The Expiation Of Eugene,1904
njp_32101028029252.json,njp.32101028029252,"Maugham, William Somerset",The Explorer,1907
hvd_hxdl9c.json,hvd.hxdl9c,"Mundy, Talbot",The Eye Of Zeitoon,1920
nyp_33433075727598.json,nyp.33433075727598,"Fothergill, Jessie",The First Violin,1878
njp_32101065712935.json,njp.32101065712935,"Jones, Hannah Maria",The Forged Note,1824
mdp_39015050806895.json,mdp.39015050806895,"Voynich, Ethel Lilian",The Gadfly,1897
uc2_ark+=13960=t1xd0tc6b.json,uc2.ark:/13960/t1xd0tc6b,"Cullum, Ridgwell",The Golden Woman,1913
hvd_hw21ys.json,hvd.hw21ys,"Frankau, Julia (Under Danby, Frank)",The Heart Of A Child,1910
mdp_39015063924750.json,mdp.39015063924750,"Pickering, Ellen",The Heiress,1834
nyp_33433074907571.json,nyp.33433074907571,"Keir, Susanna (""By The Author Of Interesting Memoirs"")",The History Of Miss Greville,1787
mdp_39015068350910.json,mdp.39015068350910,"Fielding, Sarah",The History Of Ophelia,1761
coo_31924013480391.json,coo.31924013480391,"Hawker, Mary Elizabeth (Also Used Name Lanoe Falconer)",The Hôtel D'Angleterre,1891
coo_31924013661768.json,coo.31924013661768,"Pemberton, Max",The House Under The Sea,1902
uiuo_ark+=13960=t3rv0x09k.json,uiuo.ark:/13960/t3rv0x09k,"Davenport, Selina","The Hypocrite: Or, The Modern Janus",1814
njp_32101065605725.json,njp.32101065605725,"Yates, Edmund",The Impending Sword,1875
uc1_b3578383.json,uc1.b3578383,"Ferrier, Susan Edmonstone",The Inheritance,1824
uiuo_ark+=13960=t7hq4b18k.json,uiuo.ark:/13960/t7hq4b18k,"Gilbert, William",The Inquisitor,1870
nyp_33433074913587.json,nyp.33433074913587,"Haywood, Eliza",The Invisible Spy,1755
nyp_33433106907953.json,nyp.33433106907953,"Pemberton, Max",The Iron Pirate,1893
uc2_ark+=13960=t3fx76k0q.json,uc2.ark:/13960/t3fx76k0q,"Worboise Or Guyton, Emma Jane",The Lillingstones Of Lillingstone,1864
uc1_31175035645285.json,uc1.31175035645285,"Caird, Mona",The Logicians: An Episode In Dialogue,1902
nyp_33433044173783.json,nyp.33433044173783,"Drower, E.S",The Long Engagement,1912
hvd_32044010067551.json,hvd.32044010067551,"Hearne, Mary",The Lover'S Week,1718
uc2_ark+=13960=t9g44km13.json,uc2.ark:/13960/t9g44km13,"Manning, Anne",The Maiden And Married Life Of Mary Powell,1849
hvd_32044050809581.json,hvd.32044050809581,"Hunt, Isobel Violet",The Maiden'S Progress,1894
nyp_33433074944731.json,nyp.33433074944731,"Cournos, John",The Mask,1919
dul1_ark+=13960=t3hx21f7z.json,dul1.ark:/13960/t3hx21f7z,"Newte, Horace",The Master Beast,1907
mdp_39015041913396.json,mdp.39015041913396,"Maugham, William Somerset",The Moon And Sixpence,1919
mdp_39015063938818.json,mdp.39015063938818,"Locke, William J",The Morals Of Marcus Ordeyne,1906
uc2_ark+=13960=t1td9p949.json,uc2.ark:/13960/t1td9p949,"Reeve, Clara",The Old English Baron,1778
uc2_ark+=13960=t13n22s4c.json,uc2.ark:/13960/t13n22s4c,"Vivanti, Annie",The Outrage,1918
uc1_$c35754.json,uc1.$c35754,"Cavendish, Georgiana",The Passage Of The Mountain Of Saint Gothard,1802
uc1_31158009967638.json,uc1.31158009967638,"Caird, Mona",The Pathway Of The Gods,1898
nyp_33433074862511.json,nyp.33433074862511,"Goldring, Douglas",The Permanent Uncle,1912
uiuo_ark+=13960=t0dv22016.json,uiuo.ark:/13960/t0dv22016,"Laffan, Bertha Jane (Also Grundy, Bertha Jane)",The Peyton Romance,1892
hvd_hn1qug.json,hvd.hn1qug,"Askew, Alice And Claude",The Plains Of Silence,1907
osu_32435002107092.json,osu.32435002107092,"Alexander, Miriam",The Port Of Dreams,1912
hvd_hn29eg.json,hvd.hn29eg,"Von Arnim, Elizabeth",The Princess Priscilla'S Fortnight,1905
uc2_ark+=13960=t1hh6mf3w.json,uc2.ark:/13960/t1hh6mf3w,"Manning, Anne",The Provocations Of Madame Palisay,1863
uc2_ark+=13960=t00z74074.json,uc2.ark:/13960/t00z74074,"Hogg, James",The Queen'S Wake,1819
uc2_ark+=13960=t84j0ds6x.json,uc2.ark:/13960/t84j0ds6x,"Locke, William J",The Red Planet,1917
wu_89094584851.json,wu.89094584851,"Cannan, Gilbert",The Release Of The Soul,1920
mdp_39015008628714.json,mdp.39015008628714,"West, Rebecca",The Return Of The Soldier,1918
nyp_33433074927280.json,nyp.33433074927280,"Hay, Ian. (Beith, John Hay)",The Right Stuff,1910
nyp_33433074919576.json,nyp.33433074919576,"Alexander, Miriam",The Ripple,1913
hvd_hwpkfz.json,hvd.hwpkfz,"Holcroft, Thomas",The Road To Ruin,1792
nyp_33433074946231.json,nyp.33433074946231,"Askew, Alice And Claude",The Rod Of Justice,1910
mdp_39015055397320.json,mdp.39015055397320,"Borrow, George Henry",The Romany Rye,1857
coo_31924013659606.json,coo.31924013659606,"Orczy, Emma",The Scarlet Pimpernel,1903
mdp_39015002753518.json,mdp.39015002753518,"Sabatini, Rafael",The Sea-Hawk,1915
hvd_hwil4r.json,hvd.hwil4r,"Austin, Alfred",The Season: A Satire,1861
mdp_39015066068613.json,mdp.39015066068613,"Conrad, Joseph",The Secret Agent,1916
inu_30000076413941.json,inu.30000076413941,"Hull, E.M.",The Sheik,1919
uiuo_ark+=13960=t7xk8nz69.json,uiuo.ark:/13960/t7xk8nz69,"Davenport, Selina",The Sons Of The Viscount And The Daughters Of The Earl,1813
uiuo_ark+=13960=t6d226j5p.json,uiuo.ark:/13960/t6d226j5p,"Chamier, Frederick",The Spitfire,1840
uiuo_ark+=13960=t6931f55p.json,uiuo.ark:/13960/t6931f55p,"Pickering, Ellen",The Squire 1,1837
mdp_39015063748696.json,mdp.39015063748696,"Black, William",The Strange Adventures Of A Houseboat,1888
nyp_33433074935077.json,nyp.33433074935077,"Cannan, Gilbert",The Stucco House,1918
mdp_39015021279255.json,mdp.39015021279255,"Cavendish, Georgiana",The Sylph,1778
uc2_ark+=13960=t3jw8bj78.json,uc2.ark:/13960/t3jw8bj78,"Tracy, Louis",The Terms Of Surrender,1913
uc2_ark+=13960=t16m34t6k.json,uc2.ark:/13960/t16m34t6k,"Bevan, Tom",The Thane Of The Dean,1899
hvd_hn5m6d.json,hvd.hn5m6d,"Cullum, Ridgwell",The Triumph Of John Kars,1917
nyp_33433074877659.json,nyp.33433074877659,"Leverson, Ada Esther",The Twelfth Hour,1907
uiug_30112049745562.json,uiug.30112049745562,"Jones, Hannah Maria",The Victim Of Fashion,1825
uc1_31175035207938.json,uc1.31175035207938,"Griffith, George",The Virgin Of The Sun: A Tale Of The Conquest Of Peru,1898
uiuo_ark+=13960=t6b28js3n.json,uiuo.ark:/13960/t6b28js3n,"Burney, Fanny","The Wanderer: Or, Female Difficulties",1814
uc2_ark+=13960=t13n2209g.json,uc2.ark:/13960/t13n2209g,"Beadle, Charles",The White Gambit,1900
hvd_32044086842200.json,hvd.32044086842200,"Worboise Or Guyton, Emma Jane",The Wife'S Trials And Triumphs,1860
uc2_ark+=13960=t8bg2m905.json,uc2.ark:/13960/t8bg2m905,H. Rider Haggard,The Wizard,1896
mdp_39015027815458.json,mdp.39015027815458,"Cory, Vivian (Annie Sophie Cory)",The Woman Who Didn'T,1895
uc2_ark+=13960=t3rv0mj2n.json,uc2.ark:/13960/t3rv0mj2n,"Hunt, Isobel Violet",The Workaday Woman,1906
nyp_33433074856646.json,nyp.33433074856646,"Gilbert, William",Them Boots,1877
njp_32101037989959.json,njp.32101037989959,"Nares, Edward",Thinks I To Myself,1812
hvd_hnp62g.json,hvd.hnp62g,"Hunt, Margaret",This Indenture Witnesseth,1875
nyp_33433074949623.json,nyp.33433074949623,"Creswell, Harry Bulkeley",Thomas,1919
uc2_ark+=13960=t6xw4b18r.json,uc2.ark:/13960/t6xw4b18r,"Cannan, Gilbert",Three Sons And A Monther,1916
uiug_30112045388714.json,uiug.30112045388714,"Jay, Harriett",Through The Stage Door,1884
uc2_ark+=13960=t4dn42d6s.json,uc2.ark:/13960/t4dn42d6s,"Sturgis, Howard",Tim,1892
mdp_39015031627592.json,mdp.39015031627592,"Buchanan, Robert","Tragic Dramas From History, With Legendary And Other Poems",1868
uc2_ark+=13960=t08w3b95z.json,uc2.ark:/13960/t08w3b95z,"Askew, Alice And Claude",Two Apaches Of Paris,1911
mdp_39015066064406.json,mdp.39015066064406,"Wodehouse, Pg",Uneasy Money,1920
nyp_33433034410211.json,nyp.33433034410211,"Corelli, Marie","Vendetta! Or, The Story Of One Forgotten",1887
njp_32101065863670.json,njp.32101065863670,"Manning, Anne",Village Belles,1833
uc2_ark+=13960=t6vx08p6p.json,uc2.ark:/13960/t6vx08p6p,"Hudson, Stephen",War-Time Silhouettes,1916
uc2_ark+=13960=t9j38tr22.json,uc2.ark:/13960/t9j38tr22,"Hunt, Isobel Violet",White Rose Of Weary Leaf,1908
coo_31924013661933.json,coo.31924013661933,"Pemberton, Max",White Walls,1910
uc1_$b312690.json,uc1.$b312690,"Tracy, Louis",Wings Of The Morning,1903
uva_x004604925.json,uva.x004604925,"Hogg, James",Winter Evening Tales,1820
njp_32101067706943.json,njp.32101067706943,"Black, William",Works,1883
mdp_39076002621501.json,mdp.39076002621501,"Dickens, Charles",A Christmas Carol In Prose,1843
uc1_b4100982.json,uc1.b4100982,"Scott, Walter",A Legend Of Montrose,1819
mdp_39015049200135.json,mdp.39015049200135,Johnathan Swift,A Modest Proposal,1729
uc2_ark+=13960=t36110875.json,uc2.ark:/13960/t36110875,"Moore, George",A Mummer'S Wife,1885
uiuo_ark+=13960=t03x8zk9m.json,uiuo.ark:/13960/t03x8zk9m,"Hardy, Thomas",A Pair Of Blue Eyes,1873
uva_x030751450.json,uva.x030751450,"Blackwood, Algernon",A Prisoner In Fairyland (The Book That 'Uncle Paul' Wrote),1913
nyp_33433074911276.json,nyp.33433074911276,"Sterne, Laurence",A Sentimental Journey Through France And Italy,1768
njp_32101067178242.json,njp.32101067178242,William Makepeace Thackeray,A Shabby Genteel Story,1840
inu_30000011823097.json,inu.30000011823097,"Dickens, Charles",A Tale Of Two Cities,1859
uc1_31822005129259.json,uc1.31822005129259,David Moore,A Voyage To The Arctic In The Whaler Aurora,1911
coo_31924013636521.json,coo.31924013636521,Dh Lawrence,Aaron'S Rod,1918
mdp_39015030149564.json,mdp.39015030149564,"Eliot, George",Adam Bede,1859
mdp_39015019775496.json,mdp.39015019775496,"Shelley, Percy Bysshe",Adonais,1821
wu_89046693198.json,wu.89046693198,"Brontë, Anne",Agnes Grey,1847
inu_32000000659161.json,inu.32000000659161,"Shelley, Percy Bysshe",Alastor,1816
mdp_39015025189880.json,mdp.39015025189880,Lewis Carroll,Alice'S Adventures In Wonderland,1865
njp_32101076058054.json,njp.32101076058054,Henry Fielding,Amelia,1751
mdp_39015032858097.json,mdp.39015032858097,"Gray, Thomas",An Elegy Written In A Country Churchyard,1751
uiuo_ark+=13960=t1kh16v7z.json,uiuo.ark:/13960/t1kh16v7z,"Scott, Walter","Anne Of Geierstein, Or, The Maiden Of The Mist",1829
inu_30000005103837.json,inu.30000005103837,"Browning, Elizabeth Barrett",Aurora Leigh,1856
inu_32000009367964.json,inu.32000009367964,"Trollope, Anthony",Barchester Towers,1857
uiuo_ark+=13960=t17m0tr07.json,uiuo.ark:/13960/t17m0tr07,"Meredith, George",Beauchamp'S Career,1875
loc_ark+=13960=t2p56vz1x.json,loc.ark:/13960/t2p56vz1x,John Gay,Beggar'S Opera,1728
uc2_ark+=13960=t4qj79244.json,uc2.ark:/13960/t4qj79244,"Sewell, Anna",Black Beauty,1877
inu_32000003256429.json,inu.32000003256429,"Dickens, Charles",Bleak House,1853
uc2_ark+=13960=t5t728t8q.json,uc2.ark:/13960/t5t728t8q,"Burney, Fanny","Camilla: Or, A Picture Of Youth",1796
njp_32101068598174.json,njp.32101068598174,"Firbank, Ronald",Caprice,1917
nyp_33433074866314.json,nyp.33433074866314,Rudyard Kipling,Captain Courageous,1897
mdp_39015063951191.json,mdp.39015063951191,"Scott, Walter",Castle Dangerous,1831
nyp_33433074967500.json,nyp.33433074967500,"Edgeworth, Maria",Castle Rackrent;,1800
njp_32101076781010.json,njp.32101076781010,"Burney, Fanny",Cecilia,1782
mdp_39015033791503.json,mdp.39015033791503,"Zangwill, Israel",Children Of The Ghetto,1892
hvd_hwkpy8.json,hvd.hwkpy8,Frederick Marryat,Children Of The New Forest,1847
uc2_ark+=13960=t1bk1dr7m.json,uc2.ark:/13960/t1bk1dr7m,"Browning, Robert",Christmas Eve,1850
njp_32101019194933.json,njp.32101019194933,"Richardson, Samuel","Clarissa, Or, The History Of A Young Lady",1747
uc1_$b299810.json,uc1.$b299810,Gk Chesterton,Club Of Queer Trades,1905
mdp_39015049860482.json,mdp.39015049860482,Rudyard Kipling,Collected Verse Of Rudyard Kipling,1915
nyp_33433107645784.json,nyp.33433107645784,"Hudson, Stephen","Concessions, By Sydney Schiff",1913
mdp_39015038701317.json,mdp.39015038701317,"De Quincey, Thomas",Confessions Of An English Opium-Eater,1821
mdp_49015000981952.json,mdp.49015000981952,"Disraeli, Benjamin",Coningsby,1844
uc2_ark+=13960=t5q817r7z.json,uc2.ark:/13960/t5q817r7z,"Scott, Walter",Count Robert Of Paris,1819
mdp_39015063550514.json,mdp.39015063550514,"Gaskell, Elizabeth Cleghorn",Cranford,1853
mdp_39015046801612.json,mdp.39015046801612,"Huxley, Aldous",Crome Yellow,1921
nyp_33433067345763.json,nyp.33433067345763,"Eliot, George",Daniel Deronda,1876
nnc1_cu54880670.json,nnc1.cu54880670,"Gissing, George",Denzil Quarrier,1892
coo_31924013477736.json,coo.31924013477736,Thomas Hardy,Desperate Remedies,1871
coo_31924013488568.json,coo.31924013488568,Jerome K. Jerome,Diary Of A Pilgrimage,1871
uva_x000896895.json,uva.x000896895,"Dickens, Charles",Dombey And Son,1848
nyp_33433076057375.json,nyp.33433076057375,Sax Rohmer,Dope,1919
uc1_31158000564988.json,uc1.31158000564988,"Stoker, Bram","Dracula'S Guest, And Other Weird Stories",1897
hvd_hn1gkq.json,hvd.hn1gkq,Ellen Wood,East Lynne,1861
mdp_39015001796500.json,mdp.39015001796500,"Austen, Jane",Emma,1815
nyp_33433074872932.json,nyp.33433074872932,Dh Lawrence,"England, My England And Other Stories",1915
dul1_ark+=13960=t3jw91q2r.json,dul1.ark:/13960/t3jw91q2r,"Butler, Samuel","Erewhon, Or, Over The Range",1872
mdp_39076006206242.json,mdp.39076006206242,"Burney, Fanny",Evelina,1778
nyp_33433074856737.json,nyp.33433074856737,"Gissing, George",Eve'S Ransom,1895
nnc1_ar62810391.json,nnc1.ar62810391,"Blake, William",Facsimile Of What Is Believed To Be The Last Replica Of The Songs Of Innocence And Of Experience,1794
mdp_39015005657088.json,mdp.39015005657088,Nicholas Rowe,Fair Penitent,1703
nyp_33433045280553.json,nyp.33433045280553,John Cleland,"Fanny Hill, Or Memoirs Of A Woman Of Pleasure",1748
uiuo_ark+=13960=t44q8kt63.json,uiuo.ark:/13960/t44q8kt63,"Hardy, Thomas",Far From The Madding Crowd,1874
mdp_39015020073196.json,mdp.39015020073196,Edwin Abbott Abbott,Flatland,1884
coo_31924013462621.json,coo.31924013462621,G.K. Chesterton,Flyin Inn,1914
uva_x030581232.json,uva.x030581232,John Galsworthy,Forsyte Saga,1922
uc2_ark+=13960=t4gm8fv9d.json,uc2.ark:/13960/t4gm8fv9d,"Trollope, Anthony",Framley Parsonage,1861
mdp_39015004200997.json,mdp.39015004200997,"Shelley, Mary Wollstonecraft",Frankenstein,1818
nyp_33433074870100.json,nyp.33433074870100,"Hood, Tom",From Nowhere To The North Pole,1875
mdp_39015031238986.json,mdp.39015031238986,Frank Harris,Great Days,1914
uiuo_ark+=13960=t2j684v7n.json,uiuo.ark:/13960/t2j684v7n,"Dickens, Charles",Great Expectations,1861
uc2_ark+=13960=t25b02j3s.json,uc2.ark:/13960/t25b02j3s,"Buchan, John",Greenmantle,1916
mdp_39015078565911.json,mdp.39015078565911,"Swift, Jonathan",Gulliver'S Travels,1726
nyp_33433075743058.json,nyp.33433075743058,"Scott, Walter",Guy Mannering,1815
uc1_b5300641.json,uc1.b5300641,"Dickens, Charles",Hard Times,1854
hvd_hxk4l9.json,hvd.hxk4l9,"Edgeworth, Maria",Harrington And Ormond,1817
inu_30000010353443.json,inu.30000010353443,"Peacock, Thomas Love",Headlong Hall,1816
hvd_32044086841442.json,hvd.32044086841442,Mary Augusta Ward,Helbeck Of Bannisdale,1898
mdp_39015035550162.json,mdp.39015035550162,"Edgeworth, Maria",Helen,1834
njp_32101068605920.json,njp.32101068605920,Hg Wells,History Of Mr. Polly,1910
mdp_39015063920659.json,mdp.39015063920659,"Johnson, Samuel",History Of Rasselas,1759
hvd_hwp48f.json,hvd.hwp48f,Arthur Sullivan,Hms Pinafore,1878
uva_x000179384.json,uva.x000179384,Arthur Conan Doyle,Hound Of The Baskervilles,1902
nyp_33433075723134.json,nyp.33433075723134,Regina Roche,Houses Of Osma And Almeria,1810
mdp_39015005111680.json,mdp.39015005111680,Em Forster,Howards End,1910
uc1_31175035242885.json,uc1.31175035242885,Alfred Lord Tennyson,Idylls Of The King,1859
uiuo_ark+=13960=t1wd4cf3m.json,uiuo.ark:/13960/t1wd4cf3m,"Le Fanu, Joseph Sheridan",In A Glass Darkly,1872
uc2_ark+=13960=t6057jc5s.json,uc2.ark:/13960/t6057jc5s,Frederick Rolfe,In His Own Image,1894
nyp_33433074856299.json,nyp.33433074856299,"Gissing, George",In The Year Of Jubilee,1894
wu_89094737376.json,wu.89094737376,Olaudah Equiano,Interesting Narrative Of The Life Of Olaudah Equiano,1789
coo_31924008254728.json,coo.31924008254728,"Scott, Walter",Ivanhoe,1820
mdp_39015036663766.json,mdp.39015036663766,"Brontë, Charlotte",Jane Eyre,1847
njp_32101068138369.json,njp.32101068138369,"Blake, William",Jerusalem,1804
coo_31924012967174.json,coo.31924012967174,"Shaw, Bernard",John Bull'S Other Island And Major Barbara,1904
uc1_b3578718.json,uc1.b3578718,"Hardy, Thomas",Jude The Obscure,1895
hvd_32044029018009.json,hvd.32044029018009,Rudyard Kipling,Just So Stories,1902
njp_32101067173524.json,njp.32101067173524,"Scott, Walter",Kenilworth,1821
pst_000045233944.json,pst.000045233944,Robert Louis Stevenson,Kidnapped,1886
mdp_39015013013639.json,mdp.39015013013639,Rudyard Kipling,Kim,1901
nyp_33433082256334.json,nyp.33433082256334,John Ruskin,King Of The Golden River,1851
mdp_39015013151769.json,mdp.39015013151769,H Haggard,King Solomon'S Mines,1885
hvd_32044010452308.json,hvd.32044010452308,Hg Wells,Kipps,1905
nyp_33433107875183.json,nyp.33433107875183,David Garnett,Lady Into Fox,1922
mdp_39015063516614.json,mdp.39015063516614,"Borrow, George Henry",Lavengro,1851
uc1_b4102859.json,uc1.b4102859,"Dickens, Charles",Life And Adventures Of Nicholas Nickelby,1839
aeu_ark+=13960=t4fn2fp7z.json,aeu.ark:/13960/t4fn2fp7z,"Corelli, Marie",Life Everlasting,1911
hvd_32044072024789.json,hvd.32044072024789,Aldous Huxley,Limbo,1920
uva_x000094761.json,uva.x000094761,"Dickens, Charles",Little Dorrit,1855
uc2_ark+=13960=t9s17v252.json,uc2.ark:/13960/t9s17v252,"Burnett, Frances Hodgson",Little Lord Fauntleroy,1886
nyp_33433074940838.json,nyp.33433074940838,"Blackmore, R. D.",Lorna Doone,1869
mdp_39015063928496.json,mdp.39015063928496,"Disraeli, Benjamin",Lothair,1870
mdp_39015063640331.json,mdp.39015063640331,"Wordsworth, William",Lyrical Ballads,1798
uc1_32106001930194.json,uc1.32106001930194,Gk Chesterton,Man Who Was Thursday,1908
hvd_hwiwh6.json,hvd.hwiwh6,"Austen, Jane",Mansfield Park,1814
uiug_30112072859884.json,uiug.30112072859884,Mary Augusta Ward,Marcella,1894
inu_30000091678395.json,inu.30000091678395,Charlotte Turner Smith,Marchmont,1796
mdp_39015000541691.json,mdp.39015000541691,"Pater, Walter",Marius The Epicurean,1885
loc_ark+=13960=t5bc4f20v.json,loc.ark:/13960/t5bc4f20v,William Blake,Marriage Of Heaven And Hell,1790
nyp_33433074911300.json,nyp.33433074911300,"Summersett, Henry.","Martyn Of Fenrose; Or, The Wizard And The Sword",1801
uc2_ark+=13960=t4qj7kz3m.json,uc2.ark:/13960/t4qj7kz3m,Mary Wollstonecraft,Mary & The Wrongs Of Woman,1798
uiuo_ark+=13960=t9z03hc07.json,uiuo.ark:/13960/t9z03hc07,"Gaskell, Elizabeth Cleghorn",Mary Barton,1848
nyp_33433074864178.json,nyp.33433074864178,Mary Hays,Memoirs Of Emma Courtney,1796
uva_x000336865.json,uva.x000336865,Howard Pyle,Merry Adventures Of Robin Hood,1883
uc2_ark+=13960=t2d798400.json,uc2.ark:/13960/t2d798400,"Doyle, Arthur Conan",Micah Clarke,1889
uiuo_ark+=13960=t09w0x65t.json,uiuo.ark:/13960/t09w0x65t,"Eliot, George",Middlemarch,1871
uva_x000025626.json,uva.x000025626,"Defoe, Daniel",Moll Flanders,1722
mdp_39015063938362.json,mdp.39015063938362,Margaret Hungerford,Molly Bawn,1878
mdp_39015031325791.json,mdp.39015031325791,Aldous Huxley,Mortal Coils,1921
coo_31924013566918.json,coo.31924013566918,"Walford, Lucy Bethia",Mr Smith: A Part Of His Life,1876
uva_x004887684.json,uva.x004887684,Sax Rohmer,Mystery Of Dr. Fu-Manchu,1913
inu_32000001393703.json,inu.32000001393703,"Gissing, George",New Grub Street,1891
mdp_39015000610488.json,mdp.39015000610488,"Woolf, Virginia",Night And Day,1919
mdp_39015057077300.json,mdp.39015057077300,"Peacock, Thomas Love",Nightmare Abbey,1818
uiuo_ark+=13960=t02z1m80g.json,uiuo.ark:/13960/t02z1m80g,"Gaskell, Elizabeth Cleghorn",North And South,1855
uiuo_ark+=13960=t09w14g77.json,uiuo.ark:/13960/t09w14g77,"Austen, Jane",Northanger Abbey,1817
nnc1_50200885.json,nnc1.50200885,"Scott, Walter",Old Mortality,1816
hvd_hwebt7.json,hvd.hwebt7,"Dickens, Charles",Oliver Twist,1838
nyp_33433074969241.json,nyp.33433074969241,"Dickens, Charles",Our Mutual Friend,1866
mdp_39015008020441.json,mdp.39015008020441,"Mitford, Mary Russell",Our Village,1824
uc1_b3575739.json,uc1.b3575739,"Richardson, Samuel","Pamela, Or Virtue Rewarded",1740
mdp_39015007028700.json,mdp.39015007028700,"Austen, Jane",Persuasion,1816
umn_31951002060652i.json,umn.31951002060652i,Jm Barrie,Peter And Wendy,1904
uc1_b3331970.json,uc1.b3331970,"Scott, Walter",Peveril Of The Peak,1823
nyp_33433074875752.json,nyp.33433074875752,"Macdonald, George",Phantastes,1858
nyp_33433075758882.json,nyp.33433075758882,"Trollope, Anthony","Phineas Finn, The Irish Member",1869
mdp_39015004302132.json,mdp.39015004302132,"Trollope, Anthony",Phineas Redux,1874
njp_32101064791252.json,njp.32101064791252,John Millington Synge,Playboy Of The Western World,1907
njp_32101072666785.json,njp.32101072666785,"Swinburne, Algernon Charles",Poems And Ballads,1866
nyp_33433074837836.json,nyp.33433074837836,"Burns, Robert","Poems, Chiefly In The Scottish Dialect",1786
njp_32101066457019.json,njp.32101066457019,"Cobbold, Elizabeth","Poems, With A Memoir Of The Author",1825
hvd_hwpwvf.json,hvd.hwpwvf,Percy Shelley,Poetic Works Of Percy Shelley,1810
hvd_hn6gv2.json,hvd.hn6gv2,Alexander Pope,Poetical Works,1728
coo_31924013216811.json,coo.31924013216811,"Richardson, Dorothy M.",Pointed Roofs,1915
nyp_33433074863766.json,nyp.33433074863766,James Joyce,Portrait Of The Artist As A Young Man,1915
nyp_33433074943634.json,nyp.33433074943634,Jane Austen,Pride And Prejudice,1813
uc2_ark+=13960=t5h99cb1v.json,uc2.ark:/13960/t5h99cb1v,"Shelley, Percy Byssche","Prometheus Unbound With Adonais, The Cloud, Hymn To Intellectual Beauty And An Exhortation",1820
mdp_39015088642429.json,mdp.39015088642429,Rudyard Kipling,Puck Of Pook'S Hill,1906
hvd_32044004454492.json,hvd.32044004454492,George Bernard Shaw,Pygmalion,1913
uc1_$b686378.json,uc1.$b686378,"Shelley, Percy Bysshe",Queen Mab,1813
wu_89001265750.json,wu.89001265750,Robert Browning,"Red Cotton Night, Cap County",1873
nyp_33433075743751.json,nyp.33433075743751,"Scott, Walter",Redgauntlet,1824
uiuo_ark+=13960=t3417mv2g.json,uiuo.ark:/13960/t3417mv2g,"Scott, Walter",Rob Roy,1817
hvd_32044098299647.json,hvd.32044098299647,Ford Madox Ford,Romance,1903
mdp_39015063522026.json,mdp.39015063522026,"Eliot, George",Romola,1863
mdp_39015003675132.json,mdp.39015003675132,Em Forster,Room With A View,1908
uva_x030808428.json,uva.x030808428,"Defoe, Daniel",Roxana,1724
nyp_33433074856869.json,nyp.33433074856869,"Gaskell, Elizabeth Cleghorn",Ruth,1853
mdp_39015007049300.json,mdp.39015007049300,"Masefield, John",Salt-Water Ballads,1916
loc_ark+=13960=t2w38dz8v.json,loc.ark:/13960/t2w38dz8v,Thomas Carlyle,Sartor Restartus,1836
coo_31924022030963.json,coo.31924022030963,Frances Hodgson Burnett,Secret Garden,1911
uc2_ark+=13960=t6c24sq2z.json,uc2.ark:/13960/t6c24sq2z,"Austen, Jane",Sense And Sensibility,1811
uc2_ark+=13960=t8bg2x096.json,uc2.ark:/13960/t8bg2x096,"Shiel, M. P.",Shapes In The Fire,1896
mdp_39015030128154.json,mdp.39015030128154,"Goldsmith, Oliver",She Stoops To Conquer,1773
uiuo_ark+=13960=t2r50bc8t.json,uiuo.ark:/13960/t2r50bc8t,"Brontë, Charlotte",Shirley,1849
nyp_33433075786081.json,nyp.33433075786081,"Eliot, George",Silas Marner,1861
uc2_ark+=13960=t07w6qj3h.json,uc2.ark:/13960/t07w6qj3h,"Mackenzie, Compton",Sinister Street,1914
nyp_33433075764203.json,nyp.33433075764203,Mary Augusta Ward,Sir George Tressady,1895
mdp_49015001344473.json,mdp.49015001344473,Dh Lawrence,Sons And Lovers,1913
aeu_ark+=13960=t3cz4793k.json,aeu.ark:/13960/t3cz4793k,"Hope, Anthony",Sophy Of Kravonia,1900
uc2_ark+=13960=t1wd3vr8g.json,uc2.ark:/13960/t1wd3vr8g,"Scott, Walter",St Ronan'S Well,1824
inu_32000006981734.json,inu.32000006981734,"Helme, Elizabeth","St. Clair Of The Isles; Or, The Outlaws Of Barra",1840
uc1_b3321852.json,uc1.b3321852,"Disraeli, Benjamin","Sybil, Or, The Two Nations",1845
inu_32000002993279.json,inu.32000002993279,Jonathan Swift,Tale Of A Tub And Battle Of The Books,1704
uc2_ark+=13960=t6ww79f15.json,uc2.ark:/13960/t6ww79f15,"Lamb, Charles",Tales From Shakespeare,1807
uc2_ark+=13960=t8cf9tz8n.json,uc2.ark:/13960/t8cf9tz8n,"Conrad, Joseph",Tales Of Unrest,1900
mdp_39015011506139.json,mdp.39015011506139,"Lewis, Wyndham",Tarr,1918
uc1_b3578724.json,uc1.b3578724,"Hardy, Thomas",Tess Of The D'Urbervilles,1892
uc2_ark+=13960=t88g8k59z.json,uc2.ark:/13960/t88g8k59z,"Scott, Walter",The Abbot,1820
mdp_39015053665660.json,mdp.39015053665660,"Fielding, Henry",The Adventures Of Joseph Andrews & His Friend Mr. Abraham Adams,1742
uc2_ark+=13960=t5t728v3r.json,uc2.ark:/13960/t5t728v3r,"Smollett, T.",The Adventures Of Peregrine Pickle,1751
nyp_33433074911375.json,nyp.33433074911375,"Smollett, T.",The Adventures Of Roderick Random,1748
njp_32101067173409.json,njp.32101067173409,"Scott, Walter",The Antiquary,1816
njp_32101037604582.json,njp.32101037604582,"Farquhar, George",The Beaux Stratagem,1707
hvd_hn1gqx.json,hvd.hn1gqx,Richard Marsh,The Beetle,1897
mdp_39015021269652.json,mdp.39015021269652,Rudyard Kipling,The Betrothed;,1886
hvd_hn2ns5.json,hvd.hn2ns5,Walter Scott,The Black Dwarf,1816
mdp_39015031105581.json,mdp.39015031105581,"Collins, Wilkie",The Black Robe,1881
mdp_39015063913589.json,mdp.39015063913589,"Caine, Hall",The Bondman,1890
njp_32101072759440.json,njp.32101072759440,"Scott, Walter",The Bride Of Lammermoor,1819
umn_31951002056297o.json,umn.31951002056297o,"Inchbald, Elizabeth",The British Theatre,1808
wu_89002447233.json,wu.89002447233,"Bennett, Arnold",The Card,1910
njp_32101067487007.json,njp.32101067487007,"Walpole, Horace",The Castle Of Otranto;,1764
dul1_ark+=13960=t1fj34z1f.json,dul1.ark:/13960/t1fj34z1f,"Lytton, Edward Bulwer Lytton",The Coming Race,1871
uva_x001817412.json,uva.x001817412,"Yonge, Charlotte M.",The Daisy Chain;,1856
nyp_33433074940952.json,nyp.33433074940952,"Cholmondeley, Mary",The Danvers Jewels (1886) And Sir Charles Danvers,1899
mdp_39015063913647.json,mdp.39015063913647,"Caine, Hall",The Deemster,1887
mdp_39015047755395.json,mdp.39015047755395,"Grossmith, George",The Diary Of A Nobody,1892
inu_32000013013349.json,inu.32000013013349,"Trollope, Anthony",The Eustace Diamonds,1871
uc2_ark+=13960=t0ht2hd6z.json,uc2.ark:/13960/t0ht2hd6z,"Smollett, T.",The Expedition Of Humphry Clinker,1771
nyp_33433074948542.json,nyp.33433074948542,"Lennox, Charlotte","The Female Quixote; Or, The Adventures Of Arabella",1752
uc1_31175024000047.json,uc1.31175024000047,Arthur Conan Doyle,The Firm Of Girdlestone,1890
dul1_ark+=13960=t5gb2ss8d.json,dul1.ark:/13960/t5gb2ss8d,"Wells, H. G.",The First Men In The Moon,1902
uc1_32106001959946.json,uc1.32106001959946,"Wells, H. G.",The Food Of The Gods And How It Came To Earth,1904
uc1_b3339766.json,uc1.b3339766,"Scott, Walter",The Fortunes Of Nigel,1822
mdp_39015063542354.json,mdp.39015063542354,"Bede, Cuthbert",The Further Adventures Of Mr. Verdant Green,1870
uc1_b4690121.json,uc1.b4690121,"Bennett, Arnold",The Grand Babylon Hotel,1903
uc1_31175035242943.json,uc1.31175035242943,Arthur Machen,The Great God Pan,1890
njp_32101067173466.json,njp.32101067173466,"Scott, Walter",The Heart Of Midlothian,1818
uiuo_ark+=13960=t3708qw62.json,uiuo.ark:/13960/t3708qw62,"Yonge, Charlotte M.",The Heir Of Redclyffe,1853
inu_32000009070048.json,inu.32000009070048,"Machen, Arthur",The Hill Of Dreams,1907
coo_31924013567205.json,coo.31924013567205,Mary Augusta Ward,The History Of David Grieve,1892
mdp_39015056795191.json,mdp.39015056795191,"Fielding, Henry",The History Of Tom Jones,1749
mdp_39015027743502.json,mdp.39015027743502,Richard Steele,The Husbandman'S Calling,1663
uc2_ark+=13960=t3mw29s0z.json,uc2.ark:/13960/t3mw29s0z,"Wilde, Oscar",The Importance Of Being Earnest,1895
hvd_hwnnx5.json,hvd.hwnnx5,"Radcliffe, Ann Ward","The Italian, Or The Confessional Of The Black Penitents;",1797
inu_32000013013398.json,inu.32000013013398,"Trollope, Anthony",The Last Chronicle Of Barset,1867
uc1_b3865946.json,uc1.b3865946,"Lytton, Edward Bulwer Lytton",The Last Days Of Pompeii,1834
uiuo_ark+=13960=t6c25j15x.json,uiuo.ark:/13960/t6c25j15x,"Shelley, Mary Wollstonecraft",The Last Man,1826
inu_30000029292749.json,inu.30000029292749,"Dickens, Charles",The Life And Adventures Of Martin Chuzzlewit,1844
uc2_ark+=13960=t8sb41w5k.json,uc2.ark:/13960/t8sb41w5k,"Sterne, Laurence","The Life And Opinions Of Tristram Shandy, Gentleman",1767
nyp_33433082377494.json,nyp.33433082377494,"Boswell, James","The Life Of Samuel Johnson, Ll. D",1791
mdp_39076006199025.json,mdp.39076006199025,"Defoe, Daniel","The Life, Adventures, And Pyracies, Of The Famous Captain Singleton",1720
mdp_39015078548396.json,mdp.39015078548396,"Defoe, Daniel","The Life, And Strange Surprizing Adventures Of Robinson Crusoe, Of York, Mariner",1720
mdp_39015000622392.json,mdp.39015000622392,Rudyard Kipling,The Light That Failed,1890
njp_32101036893103.json,njp.32101036893103,Samuel Richardson,"The London Merchant; Or, The History Of George Barnwell",1748
inu_32000002871509.json,inu.32000002871509,"Forster, E. M.",The Longest Journey,1907
uc1_b4091384.json,uc1.b4091384,"Lawrence, D. H.",The Lost Girl,1920
hvd_hnt4ib.json,hvd.hnt4ib,Mp Shiel,The Lost Vial,1913
coo_31924051019580.json,coo.31924051019580,Arthur Conan Doyle,The Lost World,1912
uc2_ark+=13960=t2t43mj5b.json,uc2.ark:/13960/t2t43mj5b,Somerset Maugham,The Magician,1908
uva_x002265274.json,uva.x002265274,Rudyard Kipling,The Man Who Would Be King,1888
uc2_ark+=13960=t2m61hb1j.json,uc2.ark:/13960/t2m61hb1j,"Caine, Hall",The Manxman,1894
uc1_b3331979.json,uc1.b3331979,"Stevenson, Robert Louis",The Master Of Ballantrae,1889
uiuo_ark+=13960=t3805sn7d.json,uiuo.ark:/13960/t3805sn7d,"Hardy, Thomas",The Mayor Of Casterbridge,1886
uc1_b4104184.json,uc1.b4104184,"Thackeray, William Makepeace","The Memoirs Of Barry Lyndon, Esq",1844
coo_31924098822277.json,coo.31924098822277,"Doyle, Arthur Conan",The Memoirs Of Sherlock Holmes,1894
pst_000007482205.json,pst.000007482205,Gilbert & Sullivan,The Micado,1885
nnc1_0043378153.json,nnc1.0043378153,"Maturin, Charles Robert",The Milesian Chief. A Romance,1812
inu_32000004064921.json,inu.32000004064921,"Eliot, George",The Mill On The Floss,1860
njp_32101068601168.json,njp.32101068601168,"Peacock, Thomas Love",The Misfortunes Of Elphin,1829
coo_31924008209011.json,coo.31924008209011,"Scott, Walter",The Monastery,1820
nyp_33433074874300.json,nyp.33433074874300,"Lewis, M. G.",The Monk,1796
uiuo_ark+=13960=t21c2pn1g.json,uiuo.ark:/13960/t21c2pn1g,"Collins, Wilkie",The Moonstone,1868
hvd_32044014279723.json,hvd.32044014279723,Jane Webb,The Mummy!,1827
mdp_39015002713892.json,mdp.39015002713892,"Radcliffe, Ann Ward",The Mysteries Of Udolpho,1794
uva_x000890487.json,uva.x000890487,"Dickens, Charles",The Mystery Of Edwin Drood,1870
inu_32000009291495.json,inu.32000009291495,"Chesterton, G. K.",The Napoleon Of Notting Hill,1904
aeu_ark+=13960=t58d0q32s.json,aeu.ark:/13960/t58d0q32s,"Glascock, William Nugent","The Naval Sketch Book, Or The Service Afloat And Ashore",1826
nyp_33433074864764.json,nyp.33433074864764,"Gissing, George",The Nether World,1889
uc1_b3445494.json,uc1.b3445494,"Thackeray, William Makepeace",The Newcomes;,1854
njp_32101068598638.json,njp.32101068598638,"Gissing, George",The Odd Women,1893
uc2_ark+=13960=t0zp3z764.json,uc2.ark:/13960/t0zp3z764,"Dickens, Charles",The Old Curiosity Shop,1840
mdp_39015014117686.json,mdp.39015014117686,"Porter, Jane",The Pastor'S Fire-Side,1815
dul1_ark+=13960=t3126pp23.json,dul1.ark:/13960/t3126pp23,Oliphant,The Perpetual Curate,1864
nyp_33433082167747.json,nyp.33433082167747,"Dickens, Charles",The Personal History Of David Copperfield,1849
uc1_$b808697.json,uc1.$b808697,"Wilde, Oscar",The Picture Of Dorian Gray,1890
uc1_b4101002.json,uc1.b4101002,"Scott, Walter",The Pirate,1822
uc2_ark+=13960=t0xp6w53s.json,uc2.ark:/13960/t0xp6w53s,"Dickens, Charles",The Posthumous Papers Of The Pickwick Club,1837
uc2_ark+=13960=t3fx7567r.json,uc2.ark:/13960/t3fx7567r,"Johnson, Samuel",The Prince Of Abissinia,1759
uva_x000896627.json,uva.x000896627,Anthony Hope,The Prisoner Of Zenda,1894
uiuo_ark+=13960=t00z7vf65.json,uiuo.ark:/13960/t00z7vf65,"Brontë, Charlotte",The Professor,1857
njp_32101068574464.json,njp.32101068574464,"Lawrence, D. H.","The Prussian Officer, And Other Stories",1914
nyp_33433074872866.json,nyp.33433074872866,Dh Lawrence,The Rainbow,1915
nyp_33433074852447.json,nyp.33433074852447,"Pope, Alexander",The Rape Of The Lock,1712
uiuo_ark+=13960=t2988xr4w.json,uiuo.ark:/13960/t2988xr4w,"Doyle, Arthur Conan",The Refugees,1893
uc1_b4105495.json,uc1.b4105495,"Hardy, Thomas",The Return Of The Native,1878
uc1_b3264381.json,uc1.b3264381,"Shelley, Percy Bysshe",The Revolt Of Islam,1818
inu_32000005557949.json,inu.32000005557949,"Childers, Erskine",The Riddle Of The Sands,1903
mdp_39015004043710.json,mdp.39015004043710,"Sheridan, Richard Brinsley",The Rivals,1775
mdp_39015063950276.json,mdp.39015063950276,"Radcliffe, Ann Ward",The Romance Of The Forest,1791
njp_32101068580941.json,njp.32101068580941,"Arnold, Matthew",The Scholar Gipsy,1853
hvd_hwp7xc.json,hvd.hwp7xc,"Sheridan, Richard Brinsley",The School For Scandal,1777
uc2_ark+=13960=t0ft8g999.json,uc2.ark:/13960/t0ft8g999,"Kipling, Rudyard",The Second Jungle Book,1895
mdp_39015063581543.json,mdp.39015063581543,"Buchanan, Robert Williams",The Shadow Of The Sword,1876
uc1_b3578478.json,uc1.b3578478,"Doyle, Arthur Conan",The Sign Of Four,1890
wu_89002046761.json,wu.89002046761,"Trollope, Anthony",The Small House At Allington,1864
inu_32000013179256.json,inu.32000013179256,"Doyle, Arthur Conan",The Stark Munro Letters,1895
inu_30000035079544.json,inu.30000035079544,"Morris, William",The Story Of Sigurd The Volsung And The Fall Of The Niblungs,1876
uc2_ark+=13960=t9r20w429.json,uc2.ark:/13960/t9r20w429,"Stevenson, Robert Louis",The Strange Case Of Dr. Jekyll And Mr. Hyde,1886
njp_32101072759879.json,njp.32101072759879,"Scott, Walter",The Talisman,1825
nyp_33433074830328.json,nyp.33433074830328,"Cowper, William",The Task,1785
uc2_ark+=13960=t24b2zg71.json,uc2.ark:/13960/t24b2zg71,"Brontë, Anne",The Tenant Of Wildfell Hall,1848
nyp_33433074876164.json,nyp.33433074876164,"Machen, Arthur",The Three Impostors;,1895
aeu_ark+=13960=t6641026v.json,aeu.ark:/13960/t6641026v,"Drower, E.S. Writing As Es Stevens",The Veil,1909
uc2_ark+=13960=t3tt4h68m.json,uc2.ark:/13960/t3tt4h68m,"Goldsmith, Oliver",The Vicar Of Wakefield,1776
nyp_33433075763338.json,nyp.33433075763338,"Thackeray, William Makepeace",The Virginians,1857
njp_32101068582087.json,njp.32101068582087,"Byron, George Gordon Byron",The Vision Of Judgment,1822
mdp_39015000610322.json,mdp.39015000610322,"Woolf, Virginia",The Voyage Out,1915
mdp_39015066060529.json,mdp.39015066060529,Virginia Woolf,The Voyage Out,1915
pst_000000806688.json,pst.000000806688,Hg Wells,The War Of The Worlds,1897
inu_30000005351618.json,inu.30000005351618,"Trollope, Anthony",The Warden,1855
njp_32101037603717.json,njp.32101037603717,"Congreve, William",The Way Of The World,1700
inu_32000013013430.json,inu.32000013013430,"Trollope, Anthony",The Way We Live Now,1875
uc1_31158001937191.json,uc1.31158001937191,"Doyle, Arthur Conan",The White Company,1891
mdp_39015065570718.json,mdp.39015065570718,"Wordsworth, William",The White Doe Of Rylstone,1815
uc2_ark+=13960=t4hm5k49t.json,uc2.ark:/13960/t4hm5k49t,"Lawrence, D. H.",The White Peacock,1911
aeu_ark+=13960=t05x2zb2f.json,aeu.ark:/13960/t05x2zb2f,"Caird, Mona",The Wing Of Azrael,1889
inu_30000042776348.json,inu.30000042776348,Oliphant,The Wizard'S Son,1884
njp_32101068581576.json,njp.32101068581576,"Collins, Wilkie",The Woman In White,1859
nyp_33433034410252.json,nyp.33433034410252,"Corelli, Marie",Thelma: A Norwegian Princess,1887
mdp_39015000590714.json,mdp.39015000590714,"Jerome, Jerome K.",Three Men In A Boat,1889
mdp_39015018287063.json,mdp.39015018287063,Lewis Carroll,Through The Looking-Glass,1871
coo_31924013486091.json,coo.31924013486091,"Hughes, Thomas",Tom Brown'S Schooldays,1857
coo_31924013568831.json,coo.31924013568831,Hg Wells,Tono-Bungay,1909
mdp_39015053147628.json,mdp.39015053147628,"Stevenson, Robert Louis",Treasure Island;,1885
pst_000009553439.json,pst.000009553439,Dh Lawrence,Trespasser,1912
mdp_39015004288505.json,mdp.39015004288505,"Du Maurier, George",Trilby,1895
aeu_ark+=13960=t4nk51j7h.json,aeu.ark:/13960/t4nk51j7h,"Hope, Anthony",Tristram Of Blent,1901
uc1_32106006123852.json,uc1.32106006123852,"Thackeray, William Makepeace",Vanity Fair,1847
inu_30000003137357.json,inu.30000003137357,"Beckford, William",Vathek,1782
nyp_33433074930185.json,nyp.33433074930185,"Brontë, Charlotte",Villette,1853
umn_31951002086612o.json,umn.31951002086612o,"Disraeli, Benjamin",Vivien Grey,1826
mdp_39015005680767.json,mdp.39015005680767,"Scott, Walter",Waverley Novels,1814
nyp_33433074915236.json,nyp.33433074915236,William Morris,Well At The World'S End,1896
mdp_39015003675041.json,mdp.39015003675041,"Forster, E. M.",Where Angels Fear To Tread,1905
nyp_33433074864111.json,nyp.33433074864111,Kenneth Graham,Wind In The Willows,1908
uc2_ark+=13960=t6g16058h.json,uc2.ark:/13960/t6g16058h,"Ainsworth, William Harrison",Windsor Castle,1842
hvd_hn2f8p.json,hvd.hn2f8p,Alexander Pope,Windsor Forest,1728
dul1_ark+=13960=t5r792w66.json,dul1.ark:/13960/t5r792w66,"Gaskell, Elizabeth Cleghorn",Wives And Daughters,1866
inu_30000007661410.json,inu.30000007661410,Dh Lawrence,Women In Love,1920
nyp_33433075744486.json,nyp.33433075744486,"Scott, Walter","Woodstock ; Or, The Cavalier",1826
mdp_49015001286286.json,mdp.49015001286286,"Brontë, Emily",Wuthering Heights,1847
nyp_33433074877097.json,nyp.33433074877097,"Kingsley, Charles",Yeast,1848
uc2_ark+=13960=t10p12n34.json,uc2.ark:/13960/t10p12n34,Max Beerbohm,Zuleika Dobson,1911
